{"ongoing_trials": {}, "hyperparameters": {"space": [{"class_name": "Choice", "config": {"name": "learning_rate", "default": 5e-05, "conditions": [], "values": [5e-05, 1e-05, 0.0005, 0.0001, 0.001, 5e-06], "ordered": true}}, {"class_name": "Choice", "config": {"name": "dense_layer_size", "default": 1028, "conditions": [], "values": [1028, 4096, 512], "ordered": true}}, {"class_name": "Choice", "config": {"name": "enable_batch_normalization", "default": 1, "conditions": [], "values": [1, 0], "ordered": true}}, {"class_name": "Choice", "config": {"name": "bias_initializer", "default": "default", "conditions": [], "values": ["default", "zeros"], "ordered": false}}, {"class_name": "Choice", "config": {"name": "conv2D_kernel_initializer", "default": "default", "conditions": [], "values": ["default", "he_normal"], "ordered": false}}, {"class_name": "Choice", "config": {"name": "dense_kernel_initializer", "default": "default", "conditions": [], "values": ["default", "he_normal"], "ordered": false}}, {"class_name": "Choice", "config": {"name": "dropout_rate", "default": 0.0, "conditions": [], "values": [0.0, 0.2, 0.5], "ordered": true}}, {"class_name": "Choice", "config": {"name": "distance_metric", "default": "abs", "conditions": [], "values": ["abs", "euclidean_distance"], "ordered": false}}, {"class_name": "Choice", "config": {"name": "l2_regularizer", "default": -1.0, "conditions": [], "values": [-1.0, 0.01, 0.05, 0.1, 0.5], "ordered": true}}, {"class_name": "Choice", "config": {"name": "optimizer", "default": "adam", "conditions": [], "values": ["adam", "sgd", "RMSprop"], "ordered": false}}], "values": {"learning_rate": 5e-05, "dense_layer_size": 1028, "enable_batch_normalization": 1, "bias_initializer": "default", "conv2D_kernel_initializer": "default", "dense_kernel_initializer": "default", "dropout_rate": 0.0, "distance_metric": "abs", "l2_regularizer": -1.0, "optimizer": "adam"}}, "seed": 5941, "seed_state": 5971, "tried_so_far": ["5432e9b9d4f7377f046f91abe8ef5237", "362ed949e2f05d5be8589b243638976b", "c74430053de7693bfedd0696cd924a5b"], "num_initial_points": 3, "alpha": 0.0001, "beta": 2.6}